{
  "seed": 112652010,
  "epochs": 800,
  "optimizer": "Adam",
  "lr": 0.01,
  "architecture": "1-64-64-1 with Tanh",
  "train_final_mse": 6.682960247417213e-07,
  "val_final_mse": 6.650753334724868e-07,
  "val_max_error": 0.002384185791015625
}